{"cameraMode":{"drawMode":0,"name":"Shaded","section":"Shading Mode"},"sceneLighting":false,"audioPlay":false,"sceneViewState":{"showFog":true,"showMaterialUpdate":false,"showSkybox":false,"showFlares":true,"showImageEffects":true,"showParticleSystems":true},"in2DMode":false,"pivot":{"x":-1.899999976158142,"y":1.409999966621399,"z":4.099999904632568},"rotation":{"x":0.25160062313079836,"y":-0.10572371631860733,"z":0.027659092098474504,"w":0.9616532325744629},"size":0.20208288729190827,"orthographic":false}